{
    "width": 640,
    "height": 480,
    "intrinsic_matrix": [
        610.443603515625,
        0,
        0,
        0,
        609.756103515625,
        0,
        311.9945068359375,
        246.06500244140625,
        1
    ]
}